code,title,points_r1_2019,points_r2_2019,points_r1_2020,points_r2_2020,*r1_2020,*r2_2020,#Test/Interview2020,points_r1_2021,points_r2_2021
AL801,Software Design for Virtual Reality and Gaming,304 ,328,303,,,,,300,
AL802,Software Design in Artificial Intelligence for Clo,301 ,306,332,,,,,313,
AL803,Software Design for Mobile Apps and Connected Devi,309 ,337,337,,,,,350,
AL805,Computer Engineering for Network Infrastructure,329 ,442,333,,,,,321,
AL810,Quantity Surveying,307 ,349,319,,,,,328,
AL811,Civil Engineering,,,320,,,,,,
AL820,Mechanical and Polymer Engineering,300 ,358,308,,,,,327,
AL830,General Nursing,410 ,429,442,,,,,451*,444
AL832,Mental Health Nursing,387 ,403,387,384,*,,,440*,431
AL835,Pharmacology,,,,,,,,356,
AL836,Nutrition and Health Science,352 ,383,334,,,,,346,
AL837,Sports Science with Exercise Physiology,351 ,392,351,,,,,357,
AL838,Biotechnology,302 ,372,307,,,,,324,
AL839,Microbiology,322 ,371,325,,,,,325,
AL840,Pharmaceutical Sciences,328 ,411,347,,,,,346,
AL841,Athletic and Rehabilitation Therapy,423 ,430,430,,,,,477,476*
AL842,Bioveterinary Science,310 ,366,313,,,,,338,
AL843,Physical Activity and Health Science,310 ,330,306,,,,,306,
AL849,Culinary Entrepreneurship,,,,,,,,297,
AL850,Business,307 ,356,309,,,,,309,
AL851,Business and Law,301 ,341,295,,,,,302,
AL852,Accounting,290 ,346,309,,,,,336,
AL854,Sport Management (with international placement),,,302,299,,,,300,299
AL855,Hospitality Management (with international placeme,312 ,357,308,,,,,309,
AL857,Digital Marketing,300 ,360,304,,,,,304,
AL859,International Business,,,,,,,,308,
AL860,Social Care Practice,309 ,338,300,,,,,301,
AL861,Animation and Illustration (portfolio),#615 ,899,578,,,,#,#575,
AL863,Graphic and Digital Design (portfolio),#703 ,898,781,,,,#,#747,
AL864,Early Years Care and Education,307 ,348,307,,,,,306,
AL870,Applied Psychology,409 ,445,418,,,,,484*,467*
CW018,Business (options),327 ,349,298,248,,,,307,
CW028,Early Childhood Education and Care,252 ,308,252,,,,,260,
CW038,Art (portfolio),#700 ,700,700,,,,#,#700,
CW058,Tourism and Event Management,252 ,262,298,,,,,292,
CW068,Applied Social Studies in Professional Social Care,251 ,280,245,,,,,250,
CW078,Sustainable Farm Management and Agribusiness,266 ,320,269,,,,,270,
CW088,Visual Communications and Design,309 ,345,274,,,,,270,
CW108,Science (options),261 ,326,261,,,,,266,
CW128,Brewing and Distilling,271 ,298,263,,,,,307,
CW138,Sport and Exercise Science,,,423,,,,,430,423
CW148,Strength and Conditioning,,,379,,,,,388,
CW188,Sport Rehabilitation and Athletic Therapy,454 ,473,451,448,,,,451,
CW208,Computer Games Development,281 ,338,279,,,,,272,
CW238,Software Development,300 ,343,297,,,,,295,
CW248,Information Technology Management,307 ,357,285,,,,,293,
CW258,Cybercrime and IT Security,300 ,328,293,,,,,292,
CW268,Computing in Interactive Digital Art and Design,274 ,321,287,,,,,291,
CW438,Construction (options),271 ,308,272,,,,,260,251
CW468,Architectural Technology,252 ,290,262,,,,,291,283
CW478,Civil Engineering,348 ,383,433,,,,,465,
CW548,Mechanical Engineering,310 ,351,321,,,,,330,328
CW558,Electronic Systems,279 ,338,280,,,,,280,
CW568,Aerospace Engineering,366 ,422,380,,,,,371,359
CW578,TV and Media Production,327 ,361,325,,,,,318,
CW708,Law - LLB,298 ,328,302,,,,,292,
CW728,Product Design Innovation,286 ,355,252,,,,,246,
CW748,Early Childhood Education and Care,265 ,338,270,,,,,290,
CW758,Professional Social Care Practice,290 ,319,336,,,,,360,358
CW808,Media and Public Relations,248 ,307,251,,,,,247,
CW848,Digital Marketing with Analytics,279 ,307,254,,,,,269,
CW858,Sports Management and Coaching (options  portfolio,#700 ,700,700,,,,#,#700,
CW908,Business (options),260 ,307,280,,,,,272,
CW938,Business with Law,270 ,288,283,,,,,270,
CW948,Accounting,301 ,408,300,,,,,319,
PC405,Social  Political and Community Studies,251 ,296,253,216,,,,263,235
PC410,Arts and Humanities (fulfils Teaching Council requ,203 ,289,252,209,,,,262,230
PC411,English and History (fulfils Teaching Council requ,168 ,289,255,209,,,,243,224
CR105,Chemical and Biopharmaceutical Engineering,432 ,498,443,,,,,443,
CR106,Software Development,351 ,393,411,,,,,431,
CR108,Mechanical Engineering,425 ,487,434,,,,,434,
CR109,Structural Engineering,341 ,467,394,,,,,396,
CR110,Automotive Business Management and Technology,318 ,347,311,,,,,336,
CR112,Creative Digital Media at CIT Crawford College of,335 ,389,361,,,,,390,
CR116,Computer Systems,318 ,381,332,,,,,365,
CR121,Music at CIT Cork School of Music,#633 ,1052,868,,,,#,#904,#904
CR125,Popular Music at CIT Cork School of Music,#972 ,1021,1088,,,,#,#1028,
CR130,Musical Theatre at CIT Cork School of Music,#500 ,600,548,518,,,#,#525,
CR150,Business Information Systems,326 ,371,335,,,,,350,
CR210,Contemporary Applied Art (Ceramics  Glass  Textile,#979 ,979,#+matric,,,,#,#450,
CR220,Fine Art at CIT Crawford College of Art and Design,#620 ,819,#+matric,,,,#,#400,
CR225,Photography with New Media at CIT Crawford College,#920 ,920,#+matric,,,,#,#435,
CR305,Physical Sciences (Common Entry),279 ,309,282,,,,,260,
CR310,IT Management,282 ,317,297,,,,,347,
CR320,Biomedical Science - Offered jointly by CIT and UC,546 ,556,565,,,,,590*,
CR325,Pharmaceutical Biotechnology,388 ,422,398,,,,,466,
CR333,Nutrition and Health Science,360 ,393,402,,,,,425,
CR335,Biological Sciences (Common Entry),381 ,419,420,,,,,473,
CR340,Analytical Chemistry with Quality Assurance,288 ,315,251,,,,,327,
CR360,Instrument Engineering,291 ,329,261,,,,,301,
CR365,Environmental Science and Sustainable Technology,334 ,362,253,,,,,262,
CR370,Agri-Biosciences,408 ,431,397,,,,,368,
CR400,Accounting,316 ,389,316,,,,,315,
CR420,Marketing,288 ,329,285,,,,,290,
CR425,International Business with Language,300 ,392,298,,,,,279,
CR430,Sport and Exercise Management,,,322,,,,,402,
CR435,Coaching Science and Sports Pedagogy,,,,,,,,410,
CR440,Montessori Education,,,288,,,,,409,408
CR500,Engineering (Common Entry),381 ,424,411,,,,,475,
CR510,Sustainable Energy Engineering,319 ,343,320,,,,,320,
CR520,Biomedical Engineering,434 ,477,444,,,,,444,
CR560,Architectural Technology,288 ,332,308,,,,,375,
CR565,Interior Architecture,336 ,390,359,,,,,431,
CR570,Quantity Surveying,279 ,342,336,,,,,375,
CR572,Construction Management,253 ,300,269,,,,,300,
CR580,Electrical Engineering,344 ,374,318,,,,,342,
CR590,Electronic Engineering,342 ,411,303,,,,,329,
CR600,Visual Communications at CIT Crawford College of A,#587 ,888,#+matric,,,,#,#280,
CR660,Tourism Management,249 ,290,252,,,,,246,
CR700,Theatre and Drama Studies at CIT Cork School of Mu,#768 ,906,740,645,,,#,#609,#609
CR930,Home Economics and Business,,,,,,,,518*,
CK101,Arts - 3 years,300 ,368,300,,,,,300,
CK102,Social Science,391 ,431,412,,,,,434,431
CK104,Arts with Music - 3 or 4 years (BMus or Chinese/Eu,#340 ,409,302,,,,#,#339,
CK105,Film and Screen Media - 3 years or 4 years (Intern,397 ,442,368,337,,,,421,420*
CK107,Geographical and Archaeological Sciences - 3 or 4,326 ,388,328,,,,,312,
CK108,Arts International - 4 years,429 ,466,401,,,,,440*,440
CK109,English - 3 years or 4 years (International Pathwa,347 ,423,318,,,,,367,357
CK110,World Languages,456 ,506,452,433,,,,488,
CK111,Early Years and Childhood Studies,398 ,429,419,,,,,409,403
CK112,Theatre and Performative Practices - 3 or 4 years,#324 ,470,330,,,,#,#371,
CK113,Criminology - 3 years or 4 years (International Pa,408 ,430,423,,,,,464,463
CK114,Social Science (Youth and Community Work),#,,,,,,#,#,
CK115,Social Work - Mature Applicants only,#,,,,,,,,
CK118,Digital Humanities and IT - 3 or 4 years (Work Exp,307 ,361,336,,,,,347,339
CK120,Applied Psychology,506 ,532,533,532,*,*,,544,543*
CK121,Psychology and Computing - 3 or 4 years (Work Expe,393 ,466,466,,,,,499,488
CK122,Government and Political Science,355 ,410,337,328,,,,399,
CK123,Anthropology,,,308,,,,,308,
CK124,Education - Gaeilge,,,463,462,,,,473,
CK125,Sports Studies and Physical Education,,,510,509,*,*,,564,555*
CK201,Commerce,465* ,489,477,,*,,,500,499*
CK202,Accounting,467 ,506,509,,,,,553,543*
CK203,Business Information Systems,409 ,444,430,,,,,455,452
CK204,Finance,531 ,555,556,,,,,566*,566*
CK205,Commerce (International) with French,409 ,473,445,,,,,465,
CK206,Commerce (International) with German,408 ,446,420,418,,,,466,455
CK207,Commerce (International) with Italian,408 ,425,388,,,,,423,418
CK208,Commerce (International) with Hispanic Studies,431 ,455,402,,,,,488,486
CK209,Commerce (International) with Irish,509 ,528,484,,,,,507,
CK211,Commerce (International) with Chinese Studies,398 ,420,397,,,,,385,
CK212,Economics (through Transformational Learning) 3 or,400 ,429,444,,,,,445,444
CK213,Food Marketing and Entrepreneurship,,,462,,,,,466,
CK214,International Development,,,346,,,,,332,
CK301,Law (Pathways) -  3 or 4 years,476 ,519,507,499,,,,533,532*
CK302,Law and French,453 ,531,542,,,,,545,
CK304,Law and Irish,462 ,510,540,,,,,588,
CK307,Law and Business,522 ,554,556,,,,,589*,589*
CK401,Computer Science,402 ,456,468,,,,,503,495
CK402,Biological and Chemical Sciences,498 ,520,510,509,*,*,,555*,555
CK404,Biological  Earth and Environmental Sciences,412 ,451,467,,,,,500,495*
CK405,Genetics,476 ,496,487,,,,,543,
CK406,Chemical Sciences,457 ,488,485,472,,,,532,
CK407,Mathematical Sciences,531 ,578,566,565,,*,,566,
CK408,Physics and Astrophysics,511 ,566,554,542,,,,566,
CK409,Industrial Physics - Offered jointly by UCC and CI,413 ,532,432,,,,,465,
CK411,Data Science and Analytics,509 ,542,510,,,,,531,
CK412,Agricultural Science,457 ,509,496,496,*,*,,506,
CK504,Nutritional Sciences,492 ,509,518,,,,,555,554*
CK505,Food Science,444 ,477,441,440,,*,,463,
CK600,Engineering,465 ,532,487,,,,,510,509*
CK606,Architecture - Offered jointly by UCC and CIT,465 ,496,484,476,,,,543,
CK701,Medicine (Undergraduate Entry - HPAT required),#729 ,740,731,,,,#,#738,#737*
CK702,Dentistry,590 ,613,613,613,*,*,,625*,625*
CK703,Pharmacy,577 ,589,590,589,,*,,613*,613*
CK704,Occupational Therapy,532* ,554,566,555,,*,,601*,
CK705,Speech and Language Therapy,509 ,529,520,,,,,568,566*
CK706,Public Health Sciences,419 ,451,454,,,,,500,
CK707,Medical and Health Sciences,510* ,543,542,541,,,,578*,
CK710,General Nursing,440 ,466,454,,*,,,498*,497*
CK712,Children`s and General Nursing (Integrated),499 ,520,533,,,,,565,
CK720,Mental Health Nursing,398 ,429,423,,,,,455,452
CK730,Intellectual Disability Nursing,359 ,388,419,411,,,,431,
CK740,Midwifery,444 ,474,484,,,,,509*,
CK791,Medicine  - Graduate Entry (GAMSAT required),#58* ,59,57,,*,,#,#60*,#60*
AC120,International Business,234 ,269,209,,,,,294,294
AC137,Liberal Arts,252 ,275,252,,,,,271,270
CT125,Computing and IT,235 ,280,220,,,,,242,242
CT325,Business,,,338,,,,,253,253
CM001,Education - Primary Teaching,452* ,462,484,,*,,,508,
CM002,Education - Primary Teaching - Gaeltacht Applicant,#421 ,440,,,,,#,#462,
CM003,Oideachas – Bunmhúinteoireacht Trí Mheán na Gaeilg,#491 ,506,528,,,,#,#513,
CM004,Oideachas - Bunmhúinteoireacht Trí Mheán na Gaeilg,#492 ,569,494,,,,#,#480,
CM010,Education Studies,317 ,373,319,,,,,382,327
CM020,Early Childhood Education,336 ,363,327,,,,,317,
DB500,Computing,242 ,320,218,218,,,,234,234
DB501,Computing (Cloud Computing),326 ,329,227,227,,,,,178
DB502,Computing (Data Analytics and Big Data),269 ,269,341,341,,,,267,233
DB503,Computing (Software Development),242 ,282,225,225,,,,,
DB504,Computing (Web and Mobile Technology),227 ,269,,281,,,,,
DB510,Audio Production and Music Project Management,233 ,293,234,223,,,,217,217
DB512,Business Studies,229 ,301,218,203,,,,243,210
DB514,Business Studies (Law),269 ,337,252,,,,,239,225
DB515,Business Studies (Human Resource Management),225 ,288,244,244,,,,242,217
DB517,Marketing (Event Management),226 ,327,238,,,,,233,225
DB518,Marketing (Digital Media),210 ,289,,,,,,307,209
DB521,Accounting and Finance,225 ,271,225,195,,,,243,228
DB524,Business (Information Systems),402 ,402,342,309,,,,247,239
DB525,Marketing (Digital Media and Cloud Computing),284 ,309,,,,,,288,288
DB526,Business (Cloud Computing),253 ,288,347,,,,,244,244
DB527,Applied Social Care,235 ,288,234,260,,,,254,219
DB531,Marketing,220 ,288,293,,,,,288,176
DB562,Psychology,208 ,310,243,229,,,,244,233
DB566,Social Science,216 ,308,220,227,,,,262,228
DB567,Film and Creative Media,192 ,295,218,202,,,,245,213
DB568,Law,245 ,308,219,252,,,,254,228
DB569,Business (Psychology),279 ,338,252,,,,,240,240
DC001,Education - Early Childhood Education,398 ,424,440,,,,,445,
DC002,Education - Primary Teaching,462* ,485,488,,,,,518*,
DC003,Education - Primary Teaching - Gaeltacht Applicant,#433 ,473,445,,,,#,#489,
DC004,Education - Primary Teaching (Church of Ireland Ce,#,357,411,409,,,#,#451,
DC009,Arts (Joint Honours) - Humanities,347 ,408,376,,,,,356,
DC010,Post Primary Teacher Education - Religious Educati,386 ,413,441,429,,,,384,
DC011,Post Primary Teacher Education - Religious Educati,352 ,389,412,391,,,,409,
DC012,Post Primary Teacher Education - Religious Educati,#367 ,415,378,,,,#,409,
DC013,Post Primary Teacher Ed - Gaeilge with French/Germ,410 ,509,419,,,,,413,
DC014,BA in Jazz and Contemporary Music Performance (aud,#428 ,590,419,,,,#,#311,
DC110,Business Studies International,440 ,462,465,,,,,498,
DC111,Business Studies,463 ,479,488,,,,,511,
DC112,Global Business (France),495 ,510,517,510,,,,542*,
DC113,Global Business (Germany),440 ,476,462,,,,,484,
DC114,Global Business (Spain),501 ,543,522,,,,,544,
DC115,Accounting and Finance,487 ,500,510,,,,,544,
DC116,Global Business (USA),578 ,589,579,,,,,613*,
DC117,Aviation Management / Aviation Management with Pil,463 ,487,476,475,,,,484,
DC118,Gná agus Gaeilge / Business and Irish,357 ,399,359,,,,,368,
DC119,Global Business (Canada),566 ,577,564,,,,,601,
DC120,Computing for Business,350 ,389,357,,,,,403,402
DC121,Computer Science,370 ,418,400,,,,,475,
DC123,Data Science,467 ,511,465,,,,,501,
DC126,Actuarial Mathematics,520 ,543,560,,,,,577*,
DC127,Common Entry into Actuarial and Financial Mathemat,509 ,531,532,520,,,,541,
DC131,Communication Studies,400 ,441,407,402,,,,421,
DC132,Journalism,401 ,440,429,422,,,,452,
DC133,Multimedia,403 ,451,411,410,,,,435,
DC155,Applied Language and Translation Studies,371 ,430,387,,,,,427,
DC161,Analytical Science,446 ,463,498,489,*,,,498,
DC162,Chemical and Pharmaceutical Sciences,488 ,498,521,,,,,531*,
DC163,Chemical Sciences General Entry (Undenominated Ent,,,,,,,,466*,
DC166,Environmental Science and Technology,412 ,442,433,399,,,,423*,
DC168,Genetics and Cell Biology,489 ,500,512,510,*,,,543*,
DC175,Physics General Entry (options),,,419,402,,,,400,
DC180,Biological Sciences General Entry (Undenominated E,,,,,,,,530,
DC181,Biotechnology,476 ,488,499,495,,,,530,
DC190,Electronic and Computer Engineering (with choice o,391 ,433,413,,,,,488,
DC193,Mechatronic Engineering,404 ,445,411,,,,,490,
DC194,Sustainable Systems and Energy,,,,,,,,476,
DC195,Mechanical and Manufacturing Engineering,401 ,444,425,,,,,500,
DC197,Biomedical Engineering,402 ,446,423,,,,,510,
DC200,Common Entry into Engineering (Undenominated Entry,381 ,444,422,,,,,511,510
DC202,Sport Science and Health,467 ,476,500,498,,*,,511,
DC203,Science Education,424 ,476,435,,,,,462,
DC204,Athletic Therapy and Training,484 ,500,522,519,,,,558,
DC205,Physical Education with Biology,490 ,521,531,,,,,565,
DC206,Physical Education with Mathematics,443 ,476,499,,,,,521,
DC207,Psychology and Mathematics,,,,,,,,521,
DC208,Psychology,509 ,521,532,521,,,,565,
DC209,Health and Society,419 ,440,465,440,,,,477,
DC210,Psychology and Disruptive Technologies,,,,,,,,506,
DC215,General Nursing,414 ,443,454,433,,,,456*,
DC216,Mental Health Nursing,368 ,389,418,403,,,,420,
DC217,Intellectual Disability Nursing,347 ,362,370,,,,,382,
DC218,Children`s and General Nursing (Integrated),467 ,480,500,498,,,,521*,
DC230,Economics  Politics and Law,400 ,431,435,,,,,431,
DC231,International Relations,387 ,445,397,,,,,398,
DC232,Law and Society (BCL),453 ,487,466,,,,,469,
DC235,Education and Training - Daytime and Flexible Deli,307 ,327,309,,,,,302,
DC238,Social Sciences and Cultural Innovation,358 ,388,377,,,,,387,
DC240,Marketing  Innovation and Technology,451 ,474,476,474,,,,499,
DC241,Digital Business and Innovation,,,,,,,,509,
DC291,Arts (Joint Honours) - Media Studies,349 ,392,376,,,,,350,
DC292,Arts (Joint Honours) - Law,356 ,388,403,,,,,400,
DC293,Arts (Joint Honours) - International Languages,369 ,400,377,,,,,379,
DC294,Climate and Environmental Sustainability,,,,,,,,475,
DC295,Arts (Joint Honours) - Politics,348 ,387,376,,,,,349,
DL822,Arts Management,209 ,319,229,229,,,,254,
DL823,Business Management,260 ,316,235,,,,,220,
DL825,Applied Psychology,349 ,413,379,,,,,418,413
DL826,Graphic Design,#736 ,989,855,,,,#,#591,
DL827,Art,#583 ,902,572,,,,#,#574,
DL832,Animation,#855 ,1055,920,,,,#,#989,
DL833,Photography and Visual Media,#636 ,791,650,,,,#,#671,#671
DL836,Creative Computing,217 ,326,219,,,,,235,
DL837,New Media Studies,290 ,349,201,,,,,298,293
DL838,Creative Music Production,#746 ,873,754,,,,#,#713,
DL839,Interaction and User Experience Design,,,683,683,,,#,#757,
DL840,Digital Marketing,,,228,228,,,,210,
DL841,English and Equality Studies,,,276,,,,,277,277
DL843,Film,,,,,,,,#987,#874
DL844,Television,,,,,,,,#566,
DL845,Design for Film (degree options),,,,,,,,#628,
GC200,Business,269 ,359,252,252,,,,269,242
GC201,Accounting and Finance,251 ,388,303,303,,,,260,226
GC230,Computing Science,228 ,327,335,325,,,,300,289
GC300,Business,251 ,302,429,,,,,264,264
GC301,Accounting and Finance,307 ,314,253,253,,,,,251
GC302,Business - HRM,269 ,269,,,,,,377,377
GC307,Business (Marketing),,,,,,,,289,270
GC400,Business,246 ,297,248,248,,,,250,228
GC401,Accounting and Finance,181 ,309,240,227,,,,242,242
GC402,Business (HRM),217 ,290,264,236,,,,,
GC403,Law,225 ,308,244,228,,,,245,242
GC407,Business (Marketing),246 ,330,280,280,,,,264,264
GC430,Computing Science,217 ,269,252,220,,,,251,251
GC450,Communications and Media Production,227 ,307,254,254,,,,225,225
GC462,Design Communication (portfolio),,,,,,,#,#300,
GC489,Interior Architecture (portfolio),#267 ,361,254,,,,#,#288,#274
GC494,Fashion Design (portfolio),#,,337,217,,,#,#351,
BY001,Business,,,,,,,,210,210
ID001,Accounting and Finance,229 ,291,203,,,,,,
ID002,Business Studies,285 ,366,294,,,,,,
AD101,First Year Art and Design (Common Entry portfolio),# +matric,550,#+matric,,,,#,#554,
AD102,Graphic Design and Moving Image Design (portfolio),# +matric,635,#+matric,,,,#,#538,
AD103,Textile and Surface Design and Jewellery and Objec,# +matric,545,#+matric,,,,#,#505,
AD202,Education and Design or Fine Art (Second Level Tea,# +matric,580,#+matric,,,,#,#591,
AD204,Fine Art (portfolio),# +matric,600,#+matric,,,,#,#514,
AD211,Fashion Design (portfolio),# +matric,600,#+matric,,,,#,#760,#679
AD212,Product Design (portfolio),# +matric,600,#+matric,,,,#,#413,
AD215,Visual Culture,300 ,338,377,320,,,,337,300
AD217,Illustration (portfolio),# +matric,625,#+matric,,,,#,#738,
AD222,Interaction Design (portfolio),# +matric,657,#+matric,,,,#,#444,
NC003,Computing (Degree Award options),261 ,316,260,,,,,271,
NC005,Human Resource Management,297 ,320,300,,,,,301,
NC009,Business,297 ,339,300,,,,,300,
NC010,Psychology,366 ,399,400,,,,,420,
NC020,Marketing Practice,270 ,307,280,,,,,270,
NC022,Accounting and Finance,338 ,376,337,,,,,330,
NC023,Technology Management (with specialisations),260 ,303,261,,,,,266,
NC030,Early Childhood Education and Care,,,,,,,,251,251
RC001,Medicine - Undergraduate Entry (HPAT required),#729 ,733,733,,,,#,#741,#740*
RC004,Physiotherapy,532* ,542,566,,,,,589*,589*
RC005,Pharmacy,555 ,566,579,,,,,613*,613
RC101,Medicine - Graduate Entry (GAMSAT required),#60 ,62,,,,,#,,
NM801,Montessori Education,,,220,,,,,262,
NM802,Psychology,,,,,,,,228,
TU801,Sustainable Energy Engineering,,,235,,,,,235,
TU802,Electrical Services and Energy Management,,,317,300,,,,309,
TU804,Engineering (Common Entry with Award options),,,271,,,,,270,
TU805,Engineering (General Entry),,,402,,,,,466,465
TU807,Computer Engineering in Mobile Systems,,,276,,,,,274,
TU810,Mechatronic Engineering,,,270,,,,,271,
TU811,Product Design,,,411,,,,,440,434
TU812,Design Technology and Innovation,,,270,,,,,278,
TU814,Sustainable Transport Management,,,285,251,,,,253,253
TU828,Mechanical Engineering (General Entry),,,,,,,,300,
TU829,Electronic Engineering (General Entry),,,,,,,,248,248
TU831,Architectural Technology,,,410,,,,,423,
TU832,Architecture (Suitability Test and Interview),,,622,,,,#,#644,#638
TU833,Construction Management,,,367,,,,,396,
TU834,Geographic Science,,,288,,,,,315,
TU835,Planning and Environmental Management,,,313,,,,,330,
TU836,Property Economics (Valuation Surveying),,,401,,,,,411,
TU837,Quantity Surveying and Construction Economics,,,385,,,,,413,
TU838,Sustainable Timber Technology,,,,,,,,307,271
TU851,Analytical Chemistry (Environmental  Forensic and,,,349,,,,,400,
TU852,Chemical Sciences with Medicinal Chemistry,,,476,,,,,477,
TU854,Science (General Entry),,,476,,,,,510,
TU855,Science with Nanotechnology,,,331,319,,,,322,
TU856,Computer Science,,,476,,,,,499,
TU857,Computer Science (Infrastructure),,,391,,,,,403,
TU858,Computer Science (International),,,377,,,,,395,
TU859,Computing,,,217,234,,,,251,
TU860,Computing (Information Technology),,,260,,,,,270,
TU861,Computing with Language (French/German/Spanish),,,308,308,,,,235,235
TU862,Computing with Artificial Intelligence Machine Lea,,,226,226,,,,262,
TU863,Digital Forensics and Cyber Security,,,280,,,,,282,
TU864,DNA and Forensic Analysis,,,400,390,,,,500,441
TU865,Cloud Computing,,,226,,,,,235,
TU866,Biomedical and Molecular Diagnostics,,,487,,,,,522,
TU867,Biomedical Science,,,524,,,,,576,566*
TU868,Clinical Measurement Science,,,510,,,,,542,
TU869,Environmental Health,,,336,,,,,387,
TU870,Human Nutrition and Dietetics,,,578,,,,,601*,
TU871,Optometry,,,509,,,,,532,
TU872,Public Health Nutrition,,,491,,,,,487,
TU874,Mathematical Sciences,,,341,,,,,294,294
TU875,Pharmaceutical Healthcare,,,400,,,,,451,
TU876,Pharmaceutical Science,,,377,349,,,,445,
TU877,Physics Technology,,,308,,,,,314,314
TU878,Physics with Energy and Environment,,,337,337,,,,339,
TU879,Physics with Medical Physics and Bioengineering,,,351,,,,,346,
TU880,Physics with Data Science,,,578,,,,,412,
TU881,Food Innovation,,,318,,,,,309,
TU882,Nutraceuticals in Health and Nutrition,,,397,,,,,380,
TU902,Business (options),,,271,,,,,270,
TU903,Business and Management,,,463,,,,,477,
TU904,Business and Law,,,462,,,,,462,
TU905,Economics and Finance,,,465,,,,,460,
TU906,Human Resource Management,,,395,,,,,386,377
TU907,Logistics and Supply Chain Management,,,300,,,,,300,
TU910,Accounting,,,444,,,,,420,
TU912,Business Analytics,,,330,,,,,331,311
TU914,Business Computing,,,324,,,,,322,
TU917,Law (LLB ) with a Language,,,342,,,,,356,
TU918,Law (LLB),,,451,,,,,463,
TU919,Advertising and Marketing Communications,,,228,226,,,,219,
TU920,Digital Marketing,,,270,,,,,270,
TU921,Digital Marketing Technologies,,,212,212,,,,230,
TU922,Marketing,,,418,,,,,412,
TU924,E-Commerce in Retailing,,,307,,,,,307,
TU925,Retail and Services Management,,,301,,,,,307,
TU932,Business (options),,,,,,,,211,
TU933,Accounting and Finance (campus options),,,,,,,,251,
TU935,Sports Management and Coaching,,,300,,,,,300,
TU936,Sports Science and Health,,,410,391,,,,484,
TU941,Botanical Cuisine,,,249,,,,,311,
TU942,Culinary Arts,,,212,212,,,,252,
TU943,Culinary Entrepreneurship,,,278,,,,,261,
TU944,Culinary Science,,,316,,,,,336,
TU951,International Hospitality and Tourism Management,,,184,184,,,,244,
TU952,International Hospitality Management,,,300,,,,,309,
TU953,Tourism and Digital Marketing,,,290,,,,,308,
TU954,Event Management,,,356,,,,,326,
TU955,Sports and Leisure Management,,,217,317,,,,275,
TU961,Commercial Modern Music (BIMM - assessment/auditio,,,608,608,,,#,#536,#536
TU962,Drama (Performance  audition),,,379,,,,#,#448,
TU963,Music (audition),,,416,,,,#,#364,
TU965,International Business and Languages,,,356,346,,,,357,
TU967,Languages and International Tourism,,,308,,,,,298,
TU973,Design - Visual Communication (portfolio),,,717,,,,#,#700,
TU974,Fine Art (portfolio),,,709,563,,,#,#549,
TU975,Interior Design (portfolio),,,632,,,,#,#544,
TU976,Photography (portfolio),,,695,,,,#,#700,
TU978,Creative Industries and Visual Culture,,,,,,,,299,
TU981,Creative Digital Media,,,280,,,,,280,
TU982,Media Production and Digital Arts,,,320,311,,,,369,
TU983,Film and Broadcasting,,,456,451,,,,462,453
TU984,Game Design,,,381,,,,,414,
TU985,Journalism,,,322,,,,,367,
TU989,Early Childhood Care and Education (campus options,,,,,,,,270,
TU991,Applied Social Studies in Social Care,,,325,,,,,326,
TU992,Community Development and Youth Work,,,251,,,,,251,
TU995,Early Childhood Education,,,367,,,,,378,
TU996,Social Care,,,400,,,,,407,
TU997,Applied Social Care,,,310,283,,,,320,
TR002,Music,#414 ,473,435,429,,,,508,477*
TR003,History,486 ,518,497,493,,,,552,543*
TR004,Law,532 ,552,566,565,,*,,590*,589
TR005,Philosophy,391 ,446,442,,,,,510,497
TR006,Psychology,555* ,577,567,555,,*,,601*,590
TR007,Clinical Speech and Language Studies,499 ,529,529,,,,,564*,
TR009,Music Education,#430 ,465,420,,,,#,#496,#486
TR015,Philosophy  Political Science  Economics and Socio,566 ,577,589,,,,,613*,613*
TR016,Deaf Studies,337 ,372,340,,,,,389,
TR018,Law and French,532* ,554,565,,,,,602*,602
TR019,Law and German,523 ,555,543,542,,,,577,567
TR021,Classics  Ancient History and Archaeology,377 ,495,370,,,,,467,462
TR022,Early and Modern Irish,347 ,407,398,,,,,377,
TR023,English Studies,463 ,511,487,476,,,,546,541*
TR024,European Studies,520 ,544,544,542,,,,566,
TR025,Drama and Theatre Studies,#489 ,531,564,530,,,#,#543,#519
TR028,Ancient and Medieval History and Culture,339 ,451,342,,,,,498,463
TR031,Mathematics,566 ,589,531,,,,,579,578
TR032,Engineering,487* ,520,510,509,,*,,556,555
TR033,Computer Science,465* ,488,509,,,,,566*,549
TR034,Management Science and Information Systems Studies,589* ,602,613,,*,,,625*,625*
TR035,Theoretical Physics,554 ,601,543,,,,,590,589*
TR038,Engineering with Management,499 ,543,532,,,,,589*,589*
TR039,Computer Science  Linguistics and a Language,435 ,498,454,424,,,,443,
TR040,Middle Eastern and European Languages and Cultures,485 ,518,466,,,,,520,499
TR041,Religion,347 ,393,368,,,,,417,
TR042,Film,,,489,476,,,,531,522
TR043,History of Art and Architecture,,,393,354,,,,498,486
TR051,Medicine (HPAT required),#730 ,739,735,734,*,*,#,#743*,#743*
TR052,Dental Science,590* ,602,613,613,*,*,,625*,625*
TR053,Physiotherapy,533* ,544,566,566,*,*,,590*,
TR054,Occupational Therapy,500 ,520,533,,,,,578*,577*
TR055,Radiation Therapy,510 ,521,543,,,,,577,566
TR056,Human Health and Disease,543 ,565,565,,,,,601*,
TR060,Biological and Biomedical Sciences,510* ,542,543,543,*,,,578*,577*
TR061,Chemical Sciences,488* ,520,517,510,,,,558,554*
TR062,Geography and Geoscience,435 ,485,473,,,,,495,
TR063,Physical Sciences,498* ,543,498,498,*,,,554,543
TR064,Environmental Science and Engineering,,,,,,,,555,
TR072,Pharmacy,555* ,577,590,,,,,613*,613*
TR080,Global Business,565 ,577,589,,*,,,613*,
TR081,Business  Economic and Social Studies (BESS),518* ,542,543,543,*,*,,577,567*
TR084,Social Studies (Social Work),420* ,462,462,,*,,,497,487*
TR085,Business Studies and French,509 ,553,540,531,,,,564,
TR086,Business Studies and German,474 ,495,509,499,,*,,530,
TR087,Business Studies and Russian,467 ,487,474,465,,,,487,
TR089,Business Studies and Polish,393 ,434,444,424,,,,391,
TR090,Business Studies and Spanish,510 ,543,531,,*,,,566,
TR091,General Nursing (Meath and St James`s),393* ,420,429,,,,,462,456*
TR093,General Nursing (Adelaide School of Nursing),#378* ,409,430,429,,,#,#473,
TR095,Mental Health Nursing,358 ,377,408,,,,,442,
TR097,Intellectual Disability Nursing,346 ,350,396,,,,,412,410
TR911,Children`s and General Nursing (Integrated),476* ,487,511,510,,,,531*,
TR913,Midwifery,423 ,462,478,477,,*,,521,
DN100,Architecture,473 ,509,510,,,,,555,
DN120,Landscape Architecture,353 ,403,407,,,,,463,435
DN130,City Planning and Environmental Policy,367 ,421,407,400,,,,445,424
DN150,Engineering (Common Entry),511 ,554,531,521,,,,565*,
DN200,Science (options),521 ,554,533,,,,,577,567
DN201,Computer Science (Common Entry),488 ,509,510,,,,,554,549
DN230,Actuarial and Financial Studies,577 ,589,601,,,,,613*,613*
DN240,Sustainability,,,440,,,,,510,
DN250,Agricultural Science (options),420 ,462,456,455,,,,454,444
DN261,Food Science,434 ,467,477,,,,,531,
DN262,Human Nutrition,493 ,510,531,,,,,566,
DN300,Veterinary Medicine - Undergraduate Entry,#567 ,589,589,,,,#,#601*,
DN301,Veterinary Medicine - Graduate Entry (GAMSAT requi,#,,,,,,#,,
DN310,Veterinary Nursing,441 ,487,478,477,,,,521,509
DN400,Medicine - Undergraduate Entry (HPAT required),#735 ,745,737,736,,*,#,#743*,
DN401,Medicine - Graduate Entry (GAMSAT required),#59* ,61,,,,,#,#61*,
DN410,Radiography,507 ,522,534,532,,*,,566*,566*
DN411,Radiography - Graduate Entry,#,,,,,,#,#,
DN420,Physiotherapy,542 ,555,578,577,,*,,601*,601*
DN425,Health and Performance Science,488 ,509,510,509,,*,,544,543
DN430,Sport and Exercise Management,436 ,455,455,445,,,,484,476
DN440,Biomedical  Health and Life Sciences,565* ,579,590,589,,*,,613*,613*
DN450,General Nursing,398 ,420,429,424,*,,,462*,
DN451,Children`s and General Nursing (Integrated),462* ,499,509,506,,,,533,
DN452,Midwifery,409 ,452,489,476,,,,510,509*
DN453,Mental Health Nursing,379 ,403,397,393,,,,442,
DN520,Joint Honours (options),336 ,408,310,,,,,381,378
DN530,Humanities (options),348 ,411,340,336,,,,397,388
DN541,Modern Languages (options),348 ,412,303,,,,,320,
DN600,Law (options),520* ,532,546,544,,,,576,567*
DN610,Business and Law,521 ,543,545,,,,,573,567
DN650,Commerce,498* ,510,521,521,*,*,,555,
DN660,Commerce International (options),507 ,531,517,511,,,,555,554*
DN670,Economics and Finance,601 ,601,613,,,,,625*,625
DN700,Social Sciences (options),388 ,441,421,419,,,,475,474
DN710,Economics,476 ,488,498,498,*,*,,534,532*
DN720,Psychology,517 ,531,530,522,,*,,566,564
DN750,Social Policy and Sociology,330 ,366,378,,,,,421,
DK810,Accounting and Finance,306 ,391,305,305,,,,307,307
DK816,Business Studies,300 ,357,300,300,,,,301,301
DK820,Computing in Games Development,307 ,369,311,311,,,,309,309
DK821,Computing in Software Development,301 ,347,302,302,,,,320,316
DK822,Augmented and Virtual Reality,,,307,,,,,320,320
DK830,Building Surveying,302 ,349,336,,,,,305,
DK831,Architectural Technology,301 ,366,389,,,,,368,314
DK832,Construction Management,300 ,329,387,,,,,358,305
DK843,Engineering (Common Entry),303 ,402,340,340,,,,404,391
DK844,Mechanical Engineering,,,305,305,,,,336,336
DK845,Electrical and Electronic Engineering,,,304,304,,,,331,331
DK846,Civil Engineering,,,391,361,,,,371,371
DK850,International Tourism Management,,,317,317,,,,303,303
DK861,Arts,300 ,358,302,302,,,,302,302
DK862,Social Care,300 ,338,301,,,,,322,319
DK863,Creative Media,300 ,376,308,308,,,,336,320
DK864,Film and Television Production,300 ,332,300,300,,,,308,
DK865,Audio and Music Production,301 ,346,301,,,,,352,
DK870,General Nursing,392 ,401,403,401,,,,440*,440*
DK872,Intellectual Disability Nursing,300 ,317,336,,,,,367,366
DK874,Mental Health Nursing,356 ,378,356,,,,,398,
DK876,Early Childhood Studies,305 ,359,321,,,,,300,
DK877,Midwifery,398* ,441,440,,,,,482,477
DK880,Health and Physical Activity,300 ,367,328,,,,,301,
DK882,Agriculture (Award options),303 ,358,310,,,,,342,
DK883,Science (Award options),300 ,369,358,321,,,,373,368
DK884,Sustainable Agriculture,,,,,,,,348,
DK885,Agri-Food Production,,,,,,,,,
DK886,Biopharmaceutical Science,,,301,,,,,379,
DK887,Environmental Science,,,330,,,,,377,
GA181,Accounting,303 ,378,309,,,,,303,
GA182,Business,290 ,347,287,,,,,285,
GA183,Business Information Systems,309 ,373,296,,,,,298,
GA184,Marketing and Sales,307 ,348,307,,,,,300,
GA185,Finance and Economics,307 ,398,293,,,,,318,
GA186,Business with Entrepreneurship,297 ,328,280,,,,,287,
GA187,Rural Enterprise and Agri-Business,280 ,367,281,,,,,291,
GA281,Film and Documentary,287 ,360,304,,,,,310,301
GA282,Heritage Studies,238 ,308,220,,,,,252,
GA283,Contemporary Art (portfolio),260 ,340,679,,,,#,#790,
GA284,Design,309 ,377,303,,,,,331,
GA285,Education (Art  Design and Graphics),,,,,,,,406,
GA380,International Hotel Management,225 ,289,242,,,,,218,
GA381,International Tourism Management,261 ,290,278,,,,,252,
GA382,Culinary and Gastronomic Science,225 ,316,206,,,,,235,
GA384,Event Management with Public Relations,209 ,289,212,,,,,230,
GA480,Construction Management,260 ,312,260,,,,,302,
GA482,Quantity Surveying and Construction Economics,280 ,340,288,,,,,304,
GA483,Architectural Technology,251 ,321,265,,,,,281,273
GA484,Civil Engineering,270 ,362,290,,,,,377,
GA580,Software and Electronic Engineering,301 ,351,300,,,,,300,
GA680,Mechanical Engineering,336 ,389,330,,,,,400,
GA681,Energy Engineering,281 ,328,293,,,,,312,
GA682,Biomedical Engineering,331 ,383,313,,,,,331,
GA683,Agricultural Engineering,301 ,365,309,,,,,304,
GA684,Engineering Common Entry to Manu/Agri/Biomed/Energ,346 ,406,340,,,,,413,
GA685,Manufacturing Engineering Design,,,309,,,,,336,
GA780,Applied Freshwater and Marine Biology,300 ,360,327,,,,,366,
GA781,Applied Biology and Biopharmaceutical Science,317 ,376,337,,,,,381,
GA782,Chemical and Pharmaceutical Science,307 ,346,336,,,,,356,
GA783,Physics and Instrumentation,373 ,378,363,,,,,301,
GA784,Science (Undenominated),327 ,377,372,,,,,445,
GA785,Medical Science,451 ,486,473,,,,,517,510
GA786,Forensic Science and Analysis,300 ,366,317,,,,,408,
GA787,Computing in Software Development,275 ,327,270,,,,,310,
GA788,Computing and Digital Media,270 ,327,274,,,,,270,
GA789,Agriculture and Environmental Management,297 ,339,287,,,,,340,
GA790,Sport and Exercise Science,350 ,379,356,,,,,376,366
GA791,Public Health Nutrition,364 ,397,368,,,,,368,
GA880,General Nursing,389* ,400,429,422,*,*,,440*,
GA882,Psychiatric Nursing,346 ,370,367,,,,,369,
GA885,Outdoor Education,210 ,298,252,,,,,269,
GA887,History and Geography,228 ,296,244,,,,,201,
GA889,Applied Social Care,260 ,297,266,,,,,265,
GA890,Early Childhood Education and Care,278 ,319,270,,,,,281,227
GA891,Geography and Outdoor Education,,,244,,,,,261,
GA892,Community Development and Youth Work (Level 8),,,,,,,,,
GA980,Education (Design Graphics and Construction),376 ,389,377,,,,,410,
GA981,Furniture Design and Manufacture,271 ,350,,,,,,346,
GA982,Furniture Making and Architectural Woodworking,270 ,352,,,,,,360,
GA983,Furniture and Digital Manufacturing,,,,,,,,,
GA984,Furniture Design  Making and Technology - Common E,,,284,,,,,486,467
GY101,Arts (Joint-Honours),300 ,374,300,,,,,327,326
GY104,BSc (Psychology),507 ,529,523,520,,,,564,555
GY105,Arts (History),318 ,358,301,,,,,357,
GY109,Arts (Mathematics and Education),411 ,487,403,,,,,413,
GY110,Arts (Children and Youth Studies - options),382 ,409,357,,,,,387,
GY111,Arts (English and Creative Writing),402 ,472,330,,,,,421,420
GY113,Arts with Human Rights,338 ,409,368,,,,,413,
GY115,Arts with Performing Arts Studies,328 ,367,387,,,,,300,
GY118,Arts (Drama  Theatre and Performance Studies),410 ,451,451,,,,,453,430
GY119,Arts (Journalism),410 ,475,400,,,,,484,473
GY122,Na Dána (Cumarsáid agus Gaeilge),308 ,399,361,,,,,410,
GY123,Applied Social Sciences,357 ,388,358,,,,,419,
GY125,Arts (Digital Arts and Technology),324 ,379,328,,,,,403,
GY127,Arts (Film and Digital Media),387 ,435,401,,,,,430,421
GY128,Arts (Global Languages),370 ,440,352,,,,,346,
GY129,Arts (Global Experience),408 ,477,420,,,,,465,
GY130,Arts (Music),400 ,444,408,,,,,462,
GY132,Government (Politics  Economics and Law),402 ,444,407,,,,,465,451
GY133,Education (Computer Science and Mathematical Studi,401 ,466,422,,,,,454,
GY134,Geography and Geosystems,,,410,,,,,425,
GY135,Arts (Global Media),,,,,,,,442,
GY136,Na Dána (Léann Teanga - options),,,,,,,,526,
GY201,Commerce,420 ,453,433,,,,,476,
GY202,Commerce (International) with French,484 ,513,484,,,,,520,
GY203,Commerce (International) with German,489 ,541,489,,,,,518,
GY204,Commerce (International) with Spanish,484 ,500,495,,,,,506,
GY206,Business Information Systems (Work Placement and O,431 ,445,465,,,,,509,
GY207,Commerce (Accounting) including optional Global Ex,486 ,510,509,,,,,543,
GY208,Commerce (Gaeilge),473 ,488,473,,,,,508,
GY209,Commerce (Global Experience),509 ,531,530,,,,,551,
GY250,Law and Business,436 ,467,487,,,,,510,
GY251,Law (BCL),473 ,498,499,,,,,542,
GY252,Law (BCL) and Human Rights,510 ,521,520,,,,,565,
GY253,Law and Taxation,,,509,,,,,506,
GY254,Law (BCL)  Criminology and Criminal Justice,,,530,,,,,548,
GY261,Business Studies in International Hotel Management,#486 ,615,497,,,,#,#503,
GY262,Commerce in International Hotel Management (interv,#671 ,726,681,,,,#,#709,
GY301,Science,400 ,456,433,432,,,,489,488
GY303,Biomedical Science,533 ,566,556,,,,,613,
GY304,Biotechnology,473 ,507,465,,,,,498,495
GY308,Environmental Science,413 ,440,408,,,,,431,430
GY309,Financial Mathematics and Economics,454 ,498,487,,,,,509,
GY310,Marine Science,409 ,456,419,,,,,467,
GY313,Environmental Health and Safety,402 ,435,412,,,,,412,
GY314,Earth and Ocean Sciences,402 ,425,403,,,,,422,
GY318,Biopharmaceutical Chemistry,510 ,532,509,,,,,555,
GY319,Mathematical Science,456 ,531,476,,,,,543,
GY320,Physics (Degree options: Applied Astrophysics Biom,401 ,487,402,,,,,465,
GY321,Genetics and Genomics,,,508,,,,,532,
GY322,Agricultural Sciences,,,,,,,,485,
GY350,Computer Science and Information Technology,425 ,466,403,,,,,495,
GY401,Engineering (Undenominated),444 ,499,465,,,,,522,520
GY402,Civil Engineering,509 ,543,455,,,,,533,521
GY405,Mechanical Engineering,443 ,499,454,,,,,541,
GY406,Electronic and Computer Engineering,509 ,547,510,,,,,555,
GY408,Biomedical Engineering,519 ,543,509,,,,,554,
GY410,Project and Construction Management,434 ,464,403,,,,,431,
GY413,Energy Systems Engineering,532 ,589,502,,,,,509,
GY414,Electrical and Electronic Engineering,454 ,487,405,,,,,433,
GY501,Medicine (five year/six year course  HPAT required,#726* ,731,728,,*,,#,#737*,#737*
GY502,Occupational Therapy,532 ,543,555,,,,,601,
GY503,Speech and Language Therapy,529 ,543,543,,,,,578,
GY504,Podiatric Medicine,434 ,463,443,,,,,531,526
GY515,General Nursing (Galway and Portiuncula),442 ,466,476,473,,,,502,496
GY516,Mental Health Nursing,388 ,413,440,,,,,475,441
GY517,Midwifery,429 ,468,495,,,,,520,509
LY108,Business - Accounting,318 ,399,309,,,,,312,
LY118,Business,287 ,352,290,,,,,288,
LY128,Marketing with Online Technologies,,,,,,,,261,261
LY208,Law,300 ,359,300,,,,,300,290
LY228,Sports and Exercise - Common Entry,278 ,330,300,,,,,290,
LY408,Design - Common Entry,#307 ,368,320,,,,#,#301,
LY508,Fire Safety Engineering,270 ,299,276,,,,,283,
LY518,Quantity Surveying,307 ,368,301,,,,,304,
LY528,Construction Management,267 ,291,271,,,,,262,
LY538,Architectural Technology,,,,,,,,234,234
LY608,Mechanical Engineering,304 ,333,300,,,,,300,
LY618,Electronic Engineering,307 ,339,312,,,,,321,
LY708,Applied Computing,300 ,348,306,,,,,320,
LY748,Computer Science,,,317,317,,,,316,
LY818,Science - Common Entry,302 ,371,303,,,,,302,
LY828,Agriculture - Common Entry,300 ,342,307,,,,,308,300
LY908,General Nursing,383 ,390,400,,*,,,429*,
LY918,Psychiatric Nursing,291* ,332,357,,*,,,367*,
LY928,Intellectual Disability Nursing,288 ,299,326,,*,,,357,
LY968,Early Childhood Care  Health and Education,300 ,336,303,,,,,288,
LY978,Health and Social Care - Common Entry,260 ,299,280,,,,,279,
MI001,Contemporary and Applied Theatre Studies,345 ,381,375,,,,,209,
MI002,Arts,300 ,378,300,281,,,,280,
MI004,Education - Primary Teaching - International,,,577,,,,,589,
MI005,Education - Primary Teaching,473* ,506,495,,,,,522,
MI006,Education - Primary Teaching - Gaeltacht Applicant,#442 ,473,456,,,,#,#485,
MI007,Early Childhood Care and Education,366 ,402,357,,,,,409,
MI008,Education and Psychology - Primary Teaching,543 ,555,588,,,,,590,
MI009,Education  Business Studies and Accounting,392 ,420,402,,,,,434,
MI010,Education  Business Studies and Religious Studies,326 ,355,368,,,,,370,
MI011,Education  Gaeilge and Religious Studies,377 ,387,409,,,,,407,
MI012,Education  Gaeilge and Business Studies,398 ,440,401,,,,,387,
MI013,Education  Mathematics and Gaeilge,433 ,465,444,,,,,509,
MI014,Education  Mathematics and Business Studies,,,434,,,,,476,
CI110,Counselling and Psychotherapy,,,310,,,,,292,
CI111,Counselling and Psychotherapy with Addiction Studi,,,301,,,,,290,
CI112,Counselling and Psychotherapy with Youth Studies,,,311,,,,,325,
LC110,Art and Design (Common Entry  portfolio),#734 ,918,740,,,,#,#794,
LC114,Fashion and Textiles for Product and Costume (port,#900 ,988,880,,,,#,#914,
LC115,Art and Design Teacher Education (LIT and UL  port,,,942,,,,#,#993,
LC220,Digital Marketing,254 ,288,262,,,,,263,
LC223,Law and Taxation,308 ,372,307,,,,,331,
LC224,Accounting and Finance,299 ,382,300,,,,,300,
LC225,Marketing and Management,298 ,337,298,,,,,298,
LC226,Enterprise and Innovation,216 ,298,234,234,,,,255,
LC233,Software Development,300 ,371,272,,,,,280,
LC234,Immersive Digital Media and Spatial Computing,219 ,288,225,,,,,226,
LC236,Internet Systems Development,298 ,319,262,260,,,,260,
LC239,Computer Networks and Systems Management,335 ,347,307,,,,,317,
LC241,Construction Management,276 ,303,255,,,,,326,
LC242,Property Valuation and Management,292 ,328,282,,,,,308,
LC243,Quantity Surveying,281 ,360,294,,,,,278,
LC248,Built Environment (Common Entry),307 ,350,288,,,,,300,
LC252,Civil Engineering Management,281 ,331,270,,,,,264,
LC263,Medical Technology,282 ,359,294,,,,,391,
LC265,Forensic and Pharmaceutical Sciences,335 ,368,413,,,,,498,
LC266,Drug and Medicinal Product Analysis,236 ,299,262,,,,,252,
LC275,Electrical Engineering,288 ,340,298,,,,,361,347
LC288,Mechanical Engineering,307 ,360,347,346,,,,378,369
LC289,Precision Engineering,280 ,369,291,,,,,261,
LC292,Social Care Work,360 ,389,367,,,,,374,
LC293,Business Studies with Travel and Tourism Managemen,299 ,326,307,,,,,271,264
LC294,Business Studies with Event Management,271 ,300,279,,,,,279,
LC295,Business Studies with Sports Management,263 ,298,252,,,,,262,
LC297,Community and Addiction Studies,217 ,269,235,,,,,272,262
LC320,Business,337 ,378,346,,,,,381,
LC330,Business with Computing,298 ,326,297,,,,,328,308
LC340,Interior Design,298 ,349,350,,,,,391,368
LC362,Biotechnology and Biopharmaceutical Sciences,379 ,402,413,,,,,429,
LC371,Creative Broadcast and Film Production,298 ,339,309,,,,,325,310
LC372,Music Technology and Production,321 ,369,325,,,,,377,
LC374,Renewable and Electrical Energy Engineering,317 ,368,318,,,,,337,319
LC375,Industrial Automation and Robotic Systems,321 ,368,317,,,,,309,
LC376,Electronic Engineering with Computer Systems,308 ,346,318,,,,,357,
LC380,Automotive Engineering and Transport Management,282 ,329,303,298,,,,298,
LC392,Business Studies in Beauty and Spa Management,217 ,318,236,,,,,328,317
LC393,Early Childhood Education and Care,260 ,309,236,,,,,309,276
LC402,Social Care Work,209 ,290,225,,,,,228,
LC408,Environmental Science and Climate,262 ,346,279,,,,,279,
LC416,Business,,,274,,,,,260,
LC418,Computing - Games Design and Development,271 ,318,270,,,,,260,256
LC422,Applied Strength and Conditioning,288 ,333,298,,,,,289,
LC502,Game Art and Design (portfolio),#838 ,950,852,,,,#,#841,
LC517,Creative Media and Design,229 ,273,234,,,,,279,
LC518,Digital Animation Production (portfolio),#816 ,962,808,,,,#,#807,
LC612,Social Care Work,319 ,338,320,,,,,309,
LM002,Arts,329 ,388,348,,,,,360*,360
LM019,Social Sciences,,,,,,,,451,
LM020,Law and Accounting,436 ,476,465,,,,,474,
LM026,Performing Arts (audition format TBC),#307 ,367,303,,,,#,#329,
LM028,Criminal Justice,387 ,409,418,,,,,420,
LM029,Law Plus,473 ,499,490,,,,,530,
LM038,Psychology and Sociology,478 ,489,500,,,,,530,
LM039,Journalism and Digital Communication,388 ,430,402,,,,,432,
LM040,European Studies,350 ,462,369,,,,,409,
LM044,Applied Languages,404 ,473,442,,,,,429,
LM050,Business Studies (options),419 ,455,431,,,,,451,
LM056,International Business,511 ,543,528,,,,,555*,
LM058,Financial Mathematics,434 ,543,403,,,,,468,
LM063,Technology Management,372 ,409,379,,,,,410,
LM066,Environmental Science,,,,,,,,430,
LM068,Food Science and Health,400 ,430,421,,,,,464*,
LM076,Product Design and Technology (portfolio required),#402 ,466,408,,,,#,#401,
LM077,Aeronautical Engineering,469 ,531,520,,,,,567,
LM082,Construction Management and Engineering,368 ,404,398,,,,,446*,
LM089,Sport and Exercise Sciences,441 ,466,474,,,,,498*,
LM090,Physical Education with concurrent Teacher Educati,498* ,520,532,,*,,,552,544*
LM091,Languages with concurrent Teacher Education,,,517,,,,,506,
LM092,Science with Teacher Ed (Biology with Physics/Chem,478 ,509,507,,,,,521,
LM093,Equine Science,338 ,381,339,,,,,367,
LM094,Materials and Architectural Technology with concur,405 ,433,440,,,,,475,
LM095,Materials and Engineering Technology with concurre,358 ,409,367,,,,,425,
LM096,Science with Teacher Ed (Physical Sciences with Ch,382 ,422,405,,,,,454,
LM097,Mathematics and Computer Science with concurrent T,,,402,,,,,465,
LM099,Architecture,#419 ,473,498,,,,#,520,
LM100,Physiotherapy,565* ,577,589,,*,,,613*,
LM101,Medicine  - Graduate Entry (GAMSAT required),#55* ,57,55,,*,,#,#57*,
LM102,Psychology,495 ,519,509,,,,,534,
LM103,Paramedic Studies (Full B/Provisional C1 Drivers L,#313 ,403,392,,,,#,#429,
LM105,Exercise and Health Fitness Management,,,,,,,,441,
LM115,Chemical and Biochemical Engineering,456 ,520,454,,,,,476,
LM116,Engineering (Biomedical/Civil/Design and Manufactu,434 ,498,476,,*,,,498*,
LM118,Electronic and Computer Engineering,401 ,498,403,,,,,445,
LM121,Computer Science (Computer Systems/Games Dev/Cyber,352 ,420,351,,,,,402,
LM122,Creative Media and Interaction Design (Digital Des,330 ,430,327,,,,,382,
LM123,Biological and Chemical Sc. (Biosci/Envir Sci/Ind,412 ,455,441,,*,,,498*,
LM124,Mathematics (Math Science/Maths and Physics/Econom,427 ,521,437,,,,,455,
LM125,Physics (Applied Physics or Mathematics and Physic,405 ,509,404,,,,,489,
LM150,General Nursing,440* ,463,475,,*,,,498*,487
LM152,Mental Health Nursing,388 ,418,419,,*,,,478,466
LM154,Intellectual Disability Nursing,381* ,408,420,,,,,462,443
LM156,Midwifery,429 ,444,469,,,,,521*,508
MU001,Theology and Arts,290 ,318,290,290,,,,294,294
MU002,Theology,292 ,377,440,,,,,,
MH001,Education - Primary Teaching (Froebel),496* ,520,507,,,,,564,
MH002,Education - Primary Teaching - Gaeltacht Applicant,#,441*,,,,,#,,
MH003,Early Childhood - Teaching and Learning (full-time,,,,,,,,381,
MH101,Arts,316 ,369,318,,,,,338,336
MH103,Music,#, 367,#,,,,#,#,
MH106,Psychology - 3 years,495 ,499,521,,,,,554,
MH107,Social Science,326 ,349,346,,,,,390,
MH109,Media Studies,317 ,377,316,,,,,324,
MH116,Community and Youth Work (Full-Time),#, 271,#,,,,#,#,
MH201,Science,350 ,392,360,,,,,401,400
MH202,Biotechnology,429 ,446,455,,,,,490,489
MH203,Biological and Geographical Sciences,,,430,,,,,451,
MH204,Physics with Astrophysics,420 ,488,422,,,,,422,
MH206,Theoretical Physics and Mathematics,498 ,566,510,,,,,521,
MH207,Data Science,434 ,466,445,,,,,444,
MH208,Biological and Biomedical Sciences,451 ,476,498,,,,,543,
MH209,Psychology (through Science) - 4 years,473 ,485,498,,,,,529,
MH210,Pharmaceutical and Biomedical Chemistry,446 ,466,487,,,,,510,
MH212,Science|Maths and Computer Science|Mathematics (wi,444 ,476,422,,,,,452,443
MH304,Engineering (Computer/Electronic/Communications),371 ,423,333,333,,,,351,351
MH305,Product Design,358 ,411,357,,,,,326,
MH306,Robotics and Intelligent Devices,361 ,424,361,,,,,362,
MH401,Finance (options),352 ,392,357,,,,,370,
MH402,Quantitative Finance,476 ,487,476,,,,,476,
MH403,Accounting and Finance,402 ,432,422,,,,,424,
MH404,Business (options),400 ,429,430,,,,,441,
MH407,Business and Accounting,401 ,420,420,,,,,423,
MH411,Entrepreneurship,358 ,388,371,,,,,378,
MH501,LLB Law - four year Single Major Law programme,451 ,476,473,,,,,507,
MH502,Law (options),410 ,442,451,,,,,465,
MH601,Computer Science through Arts (options),342 ,369,352,,,,,381,
MH602,Computer Science through Science (options),357 ,413,351,,,,,400,
MH603,Computational Thinking,520 ,543,532,,,,,520,
MH801,Early Childhood - Teaching and Learning (part-time,347 ,358,327,,,,,AQA,AQA
MH802,Community and Youth Work (part-time  in service),#,,#,#,,,#,,#
MH803,Local Studies/Community Studies (part-time  evenin,#,,#,#,,,#,,#
AS001,Education  Home Economics and Biology - with concu,456* ,497,510,,,,,542,533
AS002,Education  Home Economics and Religious Ed - with,400* ,433,441,434,*,*,,464,452*
AS003,Education  Home Economics and Irish - with concurr,421 ,457,440,440,*,,,463*,457
AS051,Nutrition  Food and Business Management,337 ,399,328,317,,,,378,347
AS054,Home Economics,387 ,401,408,398,,,,440*,419*
AS110,General Nursing,391* ,409,419,,*,,,440*,432
AS130,Intellectual Disability Nursing,317 ,338,336,328,*,,,387,358
SG141,Business,252 ,317,261,,,,,262,
SG145,Business and ICT,,,,,,,,279,
SG146,Accounting,307 ,347,309,,,,,304,
SG147,Sport with Business,269 ,316,307,,,,,288,
SG148,Tourism with Event Management,246 ,282,269,,,,,298,
SG150,Business in Marketing,,,,,,,,298,
SG241,Performing Arts,279 ,348,328,,,,,341,
SG242,Early Childhood Care and Education,278 ,318,279,,,,,287,
SG243,Social Care Practice,297 ,338,301,,,,,309,
SG244,Fine Art,#355 ,496,505,,,,#,#501,
SG245,Creative Design,261 ,338,282,,,,,332,
SG246,Computing,295 ,368,290,,,,,316,
SG247,English and Psychology,308 ,336,309,,,,,319,
SG248,Sociology and Politics,282 ,320,281,,,,,298,
SG249,Writing and Literature,279 ,338,297,,,,,308,
SG252,Software Development,300 ,354,307,,,,,310,
SG253,Computing in Computer Networks and Cyber Security,273 ,341,324,,,,,336,
SG254,Writing and Literature Online,,,225,225,,,,327,
SG255,Law and Business,,,,,,,,291,
SG341,General Engineering,,,,,,,,373,
SG342,Civil Engineering,,,415,,,,,418,
SG343,Quantity Surveying,261 ,302,311,,,,,300,
SG344,Mechanical Engineering,,,,,,,,412,
SG346,Construction Project Management and Applied Techno,289 ,351,291,,,,,313,
SG347,Architecture,309 ,357,360,,,,,403,
SG348,Interior Architecture and Design,,,316,,,,,359,
SG349,Electronics and Self Driving Technologies,,,,,,,,,
SG350,Robotics and Automation,,,,,,,,384,
SG442,Occupational Safety and Health,289 ,330,290,,,,,307,
SG443,Human Nutrition,357 ,419,356,,,,,376,
SG444,Science Undenominated,308 ,369,338,,,,,358,
SG445,Pharmaceutical Science with Drug Development,347 ,369,311,,,,,357,
SG447,Health Science and Physical Activity,316 ,363,328,,,,,326,
SG448,Forensic Investigation and Analysis,306 ,348,306,,,,,308,
SG449,Medical Biotechnology,329 ,352,341,,,,,315,
SG450,Environmental Science with Ecology (Level 8),,,300,,,,,310,
TL801,Animation  Visual Effects and Motion Design (Level,281 ,341,281,,,,,#718,
TL802,TV  Radio and New Media (Level 8),306 ,356,325,,,,,322,
TL810,Computing with Software Development,309 ,341,310,,,,,308,
TL811,Computing with Games Development,310 ,334,358,,,,,322,
TL815,Computing (Degree Award options),308 ,378,308,,,,,307,
TL823,Event Management (3 year programme),291 ,346,299,,,,,293,
TL831,Business Studies (Major Specialism in: Acctng or M,307 ,372,306,,,,,306,
TL842,Construction Management,,,,,,,,,
TL844,Agricultural Engineering,311 ,368,300,,,,,301,
TL845,Civil Engineering,300 ,364,325,,,,,361,
TL847,Manufacturing Engineering,,,302,,,,,305,
TL848,Agricultural Science,331 ,362,308,,,,,307,
TL851,Wildlife Biology (Degree Award options),310 ,362,309,,,,,309,
TL855,Pharmaceutical Science (Degree Award options),342 ,386,317,,,,,316,
TL858,Veterinary Bioscience,326 ,369,308,,,,,317,
TL871,Health and Leisure (Degree Award options),303 ,346,300,,,,,303,
TL872,Health and Leisure with Massage,288 ,357,309,,,,,314,
TL873,Coaching and Sports Performance,282 ,336,289,,,,,308,
TL874,Inclusive Sport and Physical Activity,,,,,,,,341,
TL880,Early Childhood Care and Education,307 ,347,307,,,,,309,
TL881,Social Care,308 ,356,308,,,,,301,
TL889,Counselling with Addiction - Mature applicants onl,#,,,,,,#,,
TL890,General Nursing and Mature Applicants,407 ,431,440,414,*,,,463,
TL891,Mental Health Nursing and Mature Applicants,367* ,379,389,378,,,,440,419
WD001,Applied Computing (options),279 ,358,260,260,,,,270,261
WD002,Science (options),302 ,377,308,,,,,279,
WD005,Health Sciences (options),288 ,347,280,,,,,271,
WD006,Exercise Sciences (options),282 ,337,280,,,,,270,
WD007,Engineering (options),287 ,382,288,288,,,,270,270
WD025,Construction Management and Engineering,269 ,327,269,,,,,262,
WD027,Music,#290 ,317,262,,,,#,#321,
WD048,Business (options),278 ,357,271,,,,,279,
WD084,Accounting,307 ,403,308,,,,,308,
WD091,Hospitality Management,210 ,281,228,,,,,225,
WD116,General Nursing,413 ,430,422,,,,,446,
WD117,Psychiatric Nursing,361 ,382,366,,,,,415,
WD120,Intellectual Disability Nursing,338 ,359,377,,,,,390,
WD134,International Business,289 ,350,290,,,,,267,
WD137,Design (Visual Communications),253 ,373,271,,,,,252,
WD140,Laws,290 ,352,280,,,,,280,
WD144,Architecture,283 ,385,284,,,,,309,
WD147,Pharmaceutical Science,298 ,363,293,,,,,288,
WD150,Criminal Justice Studies,271 ,311,270,,,,,280,
WD152,Visual Art,253 ,323,AQA,,,,,243,
WD161,Computer Forensics and Security,262 ,401,255,,,,,270,
WD162,Quantity Surveying,260 ,320,216,,,,,226,
WD163,Psychology,390 ,429,434,,,,,456,
WD186,Sports Coaching and Performance,276 ,327,270,,,,,261,
WD187,Social Science,271 ,321,272,,,,,276,
WD191,Agricultural Science,378 ,421,377,,,,,377,
WD192,Social Care Practice,279 ,323,270,,,,,271,
WD193,Marketing and Digital Media,290 ,358,271,,,,,279,
WD194,Culinary Arts,235 ,331,217,,,,,237,
WD195,Architectural and Building Information Modelling T,266 ,305,279,,,,,279,
WD200,Arts (options),221 ,296,AQA,AQA,,,,201,201
WD210,Software Systems Development,271 ,329,279,,,,,260,
WD211,Creative Computing,275 ,322,271,,,,,270,
WD212,Recreation and Sport Management,274 ,311,270,,,,,262,
WD230,Mechanical and Manufacturing Engineering,273 ,348,253,,,,,230,230
WD231,Early Childhood Care and Education,,,,,,,,266,
WD232,Business Information Systems,,,,,,,,261,261
CR126,Popular Music: Drums at CIT Cork School of Music,#878 ,1043,801,,,,#,,
CR127,Popular Music: Electric Guitar at CIT Cork School of Music,#584 ,761,838,768,,,#,,
CR128,Popular Music: Keyboards at CIT Cork School of Music,#839 ,1009,840,,,,#,,
CR129,Popular Music: Voice at CIT Cork School of Music,#857 ,927,841,,,,#,,
DB516,Financial Services,328 ,336,,,,,,,
DC201,Common Entry into Science (Undenominated Entry),454 ,477,498,488,*,,,,
DC239,"Gaeilge, Iriseoireacht agus na Meáin Dhigiteacha",,,430,,,,,,
DK860,Music (audition),#499 ,649,532,532,,,#,,
DL821,"English, Media and Cultural Studies",211 ,317,212,212,,,,,
DL828,"3D Design, Modelmaking and Digital Art",#691 ,866,506,,,,#,,
DL829,Design for Stage and Screen (Costume Design),#817 ,1021,593,,,,#,,
DL830,Design for Stage and Screen (Character Makeup Design),#879 ,953,939,,,,#,,
DL831,Design for Stage and Screen (Production Design),#893 ,1073,781,,,,#,,
DL834,Film and Television Production,#933 ,1011,990,,,,#,,
DN252,Dairy Business,398 ,428,410,,,,,,
DN253,Agri - Environmental Sciences,403 ,419,418,,,,,,
DN271,Forestry,303 ,361,311,,,,,,
DN272,"Horticulture, Landscape and Sportsturf Management",252 ,312,297,282,,,,,
GC250,Communications and Media Production,,,,,,,,,
GC305,International Hospitality Management,327 ,327,253,253,,,,,
GY107,Na Dána (Gaeilge agus Léann an Aistriúcháin),330 ,397,409,,,,,,
GY112,Arts with Film Studies,338 ,370,321,,,,,,
GY120,"Arts (Child, Youth and Family: Policy and Practice)",309 ,346,350,,,,,,
GY121,Arts (Children`s Studies),356 ,389,356,,,,,,
GY124,Arts (Arts with Data Science),434 ,466,454,,,,,,
GY126,Arts (English and Media Studies),418 ,451,391,,,,,,
GY131,Arts (History and Globalisation Studies),340 ,431,360,,,,,,
LC401,Early Childhood Education and Care,298 ,387,297,,,,,,
LC414,Data Analytics and Cyber Security,,,236,,,,,,
LC434,Environmental Science and Agriculture,278 ,347,297,,,,,,
LC613,Early Childhood Education and Care,346 ,388,242,,,,,,
MH405,Equine Business,357 ,398,357,,,,,,
SG142,Business in International Marketing and Languages (French),270 ,388,279,,,,,,
SG144,Business in International Marketing and Languages (Spanish),280 ,388,270,,,,,,
SG250,Application Design and User Experience,290 ,431,412,,,,,,
SG251,Computing (Smart Technologies),303 ,391,327,,,,,,
TR012,History and Political Science,532* ,557,555,554,,,,,
TR017,Law and Business,576 ,589,602,,,,,,
TR020,Law and Political Science,567 ,600,602,,,,,,
TR029,Political Science and Geography,477 ,500,526,520,,,,,
TR082,Computer Science and Business,510 ,542,555,,,,,,
TR083,Sociology and Social Policy,451 ,474,498,487,,,,,
TR111,Ancient History and Archaeology/Geography,,,352,,,,,,
TR112,Ancient History and Archaeology/History,,,529,,,,,,
TR113,Ancient History and Archaeology/History of Art and Architecture,,,337,,,,,,
TR114,Ancient History and Archaeology/Modern Language,,,337,,,,,,
TR117,Ancient History and Archaeology/Religion,,,342,,,,,,
TR166,Classical Civilisation/English Literature,,,498,496,*,,,,
TR173,Classical Civilisation/History of Art and Architecture,,,335,,,,,,
TR177,Classical Civilisation/Modern Language,,,335,,,,,,
TR179,Classical Civilisation/Philosophy,,,499,,,,,,
TR198,Economics/Geography,,,534,,,,,,
TR202,Economics/History,,,534,,,,,,
TR207,Economics/Mathematics,,,566,,*,,,,
TR208,Economics/Modern Language,,,534,,,,,,
TR209,Economics/Philosophy,,,534,,,,,,
TR212,Economics/Sociology,,,534,,,,,,
TR228,Classical Languages/English Literature,,,498,,*,,,,
TR231,Classical Languages/History of Art and Architecture,,,349,,,,,,
TR233,"Classical Languages/Middle Eastern,Jewish and Islamic Civilisations",,,349,,,,,,
TR239,Classical Languages/Modern Language,,,349,,,,,,
TR262,English Literature/History,,,529,,,,,,
TR263,English Literature/History of Art and Architecture,,,498,497,*,,,,
TR269,English Literature/Philosophy,,,499,,,,,,
TR272,English Literature/Sociology,,,498,,*,,,,
TR276,English Literature/Drama Studies,,,#498,,,,#,,
TR277,English Literature/Modern Language,,,498,495,*,,,,
TR311,Film/Drama Studies,,,#521,,*,,#,,
TR312,Film/English Literature,,,521,,*,,,,
TR320,Film/Music,,,521,,*,,#,,
TR322,Geography/History,,,529,,,,,,
TR323,Drama Studies/Modern Language,,,#473,,,,#,,
TR324,Film/Modern Language,,,521,,*,,,,
TR325,Film/History,,,529,,,,,,
TR326,Geography/Modern Language,,,352,,,,,,
TR332,Geography/Sociology,,,498,496,*,,,,
TR443,History/History of Art and Architecture,,,529,,,,,,
TR447,History/Modern Language,,,529,,,,,,
TR449,History/Philosophy,,,529,,,,,,
TR452,History/Sociology,,,529,,,,,,
TR454,History/Religion,,,529,,,,,,
TR455,History of Art and Architecture/Modern Language,,,334,,,,,,
TR479,History of Art and Architecture/Philosophy,,,499,,,,,,
TR547,"Middle Eastern,Jewish and Islamic Civ./Ancient History and Archaeology",,,337,,,,,,
TR548,"Middle Eastern,Jewish and Islamic Civilisations/Classical Civilisation",,,335,,,,,,
TR554,"Middle Eastern,Jewish and Islamic Civilisations/History",,,529,,,,,,
TR563,"Middle Eastern,Jewish and Islamic Civilisations/Modern Language",,,335,,,,,,
TR564,"Middle Eastern,Jewish and Islamic Civilisations/Music",,,,,,,#,,
TR565,"Middle Eastern,Jewish and Islamic Civilisations/Religion",,,342,,,,,,
TR597,Mathematics/Modern Language,,,566,,*,,,,
TR598,Mathematics/Music,,,566,,*,,#,,
TR599,Mathematics/Philosophy,,,566,,*,,,,
TR629,Music/Philosophy,,,499,,,,#,,
TR635,Music/Drama Studies,,,#473,,,,#,,
TR636,Music/Modern Language,,,388,,,,#,,
TR638,Music/Religion,,,388,,,,#,,
TR639,Philosophy/Modern Language,,,499,,,,,,
TR662,Philosophy/Sociology,,,499,,,,,,
TR663,Religion/Classical Civilisation,,,342,,,,,,
TR664,Religion/English Literature,,,498,,*,,,,
TR665,Religion/History of Art and Architecture,,,342,,,,,,
TR666,Religion/Modern Language,,,,,,,,,
TR667,French/Modern Language,,,403,,,,,,
TR668,German/Modern Language,,,389,,,,,,
TR669,Irish/Modern Language,,,368,,,,,,
TR670,Italian/Modern Language,,,381,,,,,,
TR671,Russian/Modern Language,,,332,,,,,,
TR672,Spanish/Modern Language,,,336,,,,,,
TR755,Sociology/Drama Studies,,,#498,,,,#,,
TR756,Sociology/Modern Language,,,498,495,,,,,
TU803,Electronic Engineering,,,243,243,,,,,
TU806,Sustainable Energy Engineering,,,262,,,,,,
TU808,Engineering Software,,,260,260,,,,,
TU809,Mechanical Engineering,,,235,,,,,,
TU813,Automation Engineering,,,218,218,,,,,
TU873,Industrial Mathematics,,,250,250,,,,,
TU901,Business,,,270,,,,,,
TU908,Management,,,262,253,,,,,
TU909,Accounting and Finance,,,285,,,,,,
TU911,Accounting and Finance,,,209,192,,,,,
TU913,Business and Information Technology,,,252,,,,,,
TU915,International Business,,,252,,,,,,
TU916,International Business,,,235,235,,,,,
TU923,Marketing Management,,,228,276,,,,,
TU966,Languages and English Studies,,,366,,,,,,
TU971,Contemporary Visual Culture,,,290,,,,,,
TU972,Creative and Cultural Industries,,,281,,,,,,
TU986,Print Media Technology and Management,,,289,,,,,,
TU993,Early Childhood Care and Education,,,270,,,,,,
TU994,Early Childhood Care and Education,,,321,251,,,,,
WD149,Early Childhood Studies,288 ,336,271,,,,,,
AL853,Accounting and Law ,305 ,320,,,,,,,
CW178,Sport Science (options) ,399 ,424,,,,,,,
CK116,Sports Studies and Physical Education ,499 ,520,,,,,,,
CK502,Food Marketing and Entrepreneurship ,433 ,456,,,,,,,
CK506,International Development and Food Policy ,367 ,410,,,,,,,
DC005,Education - Primary Teaching - Irish Sign Language ,#316 ,316,,,,,,,
DC167,Physics with Astronomy ,434 ,477,,,,,,,
DC171,Applied Physics ,402 ,433,,,,,,,
DC173,Physics with Biomedical Sciences ,402 ,458,,,,,,,
DT001,Product Design ,433 ,464,,,,,,,
DT028,Transport Operations and Technology ,279 ,348,,,,,,,
DT035,Electrical Services and Energy Management ,293 ,340,,,,,,,
DT066,Engineering (General Entry) ,400 ,457,,,,,,,
DT101,Architecture (test and interview) ,#618 ,647,,,,,,,
DT106,Planning and Environmental Management ,312 ,337,,,,,,,
DT110,Property Economics (Valuation Surveying) ,367 ,424,,,,,,,
DT111,Quantity Surveying and Construction Economics ,391 ,421,,,,,,,
DT112,Geographic Science ,287 ,335,,,,,,,
DT117,Construction Management ,356 ,373,,,,,,,
DT175,Architectural Technology ,388 ,425,,,,,,,
DT201,Science (General Entry) ,464 ,477,,,,,,,
DT203,Analytical Chemistry (Environmental Forensic and Pharmaceutical) ,341 ,403,,,,,,,
DT204,Biomedical Science ,501 ,512,,,,,,,
DT205,Mathematical Sciences ,315 ,363,,,,,,,
DT206,Biomedical and Molecular Diagnostics ,473 ,487,,,,,,,
DT211,Computer Science (Infrastructure) ,381 ,414,,,,,,,
DT220,Industrial Mathematics ,300 ,317,,,,,,,
DT221,Physics with Energy and Environment ,348 ,436,,,,,,,
DT222,Physics Technology ,321 ,371,,,,,,,
DT223,Human Nutrition and Dietetics ,553 ,566,,,,,,,
DT224,Optometry ,487 ,529,,,,,,,
DT225,Public Health Nutrition ,440 ,476,,,,,,,
DT227,Science with Nanotechnology ,312 ,361,,,,,,,
DT228,Computer Science ,451 ,466,,,,,,,
DT229,Clinical Measurement Science ,491 ,509,,,,,,,
DT235,Physics with Medical Physics and Bioengineering ,357 ,403,,,,,,,
DT282,Computer Science (International) ,377 ,402,,,,,,,
DT299,Chemical Sciences with Medicinal Chemistry ,420 ,445,,,,,,,
DT302,Business Analytics ,325 ,403,,,,,,,
DT304,E-Commerce in Retailing ,341 ,388,,,,,,,
DT321,Business and Law ,462 ,478,,,,,,,
DT341,Marketing ,400 ,419,,,,,,,
DT343,Retail and Services Management ,301 ,332,,,,,,,
DT354,Business Computing ,322 ,341,,,,,,,
DT358,Logistics and Supply Chain Management ,300 ,359,,,,,,,
DT365,Business and Management ,440 ,456,,,,,,,
DT366,Accounting and Finance ,432 ,454,,,,,,,
DT398,Human Resource Management ,375 ,388,,,,,,,
DT399,Economics and Finance ,437 ,465,,,,,,,
DT401,International Hospitality Management ,300 ,337,,,,,,,
DT405,Culinary Science ,308 ,377,,,,,,,
DT407,Culinary Arts ,271 ,342,,,,,,,
DT412,Tourism Marketing ,284 ,322,,,,,,,
DT413,Event Management ,356 ,389,,,,,,,
DT416,Culinary Entrepreneurship ,275 ,339,,,,,,,
DT420,Nutraceuticals in Health and Nutrition ,392 ,432,,,,,,,
DT421,Food Innovation ,321 ,366,,,,,,,
DT422,Pharmaceutical Healthcare ,397 ,423,,,,,,,
DT491,Environmental Health ,343 ,380,,,,,,,
DT501,Music ,#383 ,520,,,,,,,
DT504,Film and Broadcasting ,443 ,467,,,,,,,
DT506,Commercial Modern Music ,#468 ,835,,,,,,,
DT508,Game Design ,403 ,454,,,,,,,
DT517,Languages and English Studies ,326 ,419,,,,,,,
DT518,Languages and International Tourism ,307 ,357,,,,,,,
DT529,Drama (Performance) ,#371 ,519,,,,,,,
DT532,Law (LL.B.) ,422 ,441,,,,,,,
DT533,Contemporary Visual Culture ,#,,,,,,,,
DT544,Interior Design ,#552 ,866,,,,,,,
DT545,Design - Visual Communication ,#667 ,897,,,,,,,
DT546,Fine Art ,#668 ,813,,,,,,,
DT555,International Business and Languages ,353 ,399,,,,,,,
DT559,Photography ,#700 ,926,,,,,,,
DT571,Social Care ,394 ,424,,,,,,,
DT572,Early Childhood Education ,385 ,403,,,,,,,
DT582,Journalism ,347 ,373,,,,,,,
DT596,Print Media Technology and Management ,252 ,311,,,,,,,
DT597,Creative and Cultural Industries ,280 ,369,,,,,,,
DL835,Creative Media Technologies ,237 ,289,,,,,,,
GC405,International Hospitality Management (Dublin) ,254 ,272,,,,,,,
ID003,Business Studies with Chinese,,,,,,,,,
BN101,Business ,252 ,289,,,,,,,
BN103,Business and Information Technology ,254 ,290,,,,,,,
BN104,Computing (Information Technology) ,260 ,293,,,,,,,
BN107,Applied Social Studies in Social Care ,300 ,328,,,,,,,
BN108,Engineering (Common Entry with Award options) ,271 ,318,,,,,,,
BN109,Business (Common Entry with Award options) ,260 ,279,,,,,,,
BN110,International Business ,253 ,308,,,,,,,
BN111,Sports Management and Coaching ,270 ,298,,,,,,,
BN112,Creative Digital Media ,280 ,329,,,,,,,
BN113,Horticulture ,289 ,321,,,,,,,
BN114,Accounting and Finance ,280 ,332,,,,,,,
BN115,Community and Youth Development ,250 ,298,,,,,,,
BN117,Computer Engineering in Mobile Systems ,273 ,311,,,,,,,
BN118,Early Childhood Care and Education ,290 ,320,,,,,,,
BN119,Digital Marketing ,270 ,308,,,,,,,
BN120,Digital Forensics and Cyber Security ,281 ,326,,,,,,,
BN121,Mechatronic Engineering ,276 ,340,,,,,,,
BN123,"Design,Technology and Innovation ",297 ,318,,,,,,,
TA022,Creative Digital Media ,260 ,318,,,,,,,
TA023,Advertising and Marketing Communications ,235 ,299,,,,,,,
TA024,Early Childhood Care and Education ,217 ,307,,,,,,,
TA025,Social Care Practice ,261 ,297,,,,,,,
TA026,International Hospitality and Tourism Management ,208 ,269,,,,,,,
TA027,Botanical Cuisine ,236 ,273,,,,,,,
TA028,Digital Marketing Technologies ,220 ,313,,,,,,,
TA121,Accounting and Finance ,202 ,328,,,,,,,
TA122,Management ,218 ,297,,,,,,,
TA123,Marketing Management ,207 ,284,,,,,,,
TA125,International Business ,229 ,300,,,,,,,
TA221,Electronic Engineering ,251 ,321,,,,,,,
TA222,Mechanical Engineering ,243 ,302,,,,,,,
TA223,Sustainable Energy Engineering ,236 ,305,,,,,,,
TA224,Biomedical Design ,218 ,324,,,,,,,
TA225,Automation Engineering ,235 ,288,,,,,,,
TA226,Engineering Software ,243 ,304,,,,,,,
TA321,Pharmaceutical Science ,261 ,298,,,,,,,
TA322,Computing ,200 ,294,,,,,,,
TA323,Computing with IT Management ,243 ,309,,,,,,,
TA326,DNA and Forensic Analysis ,300 ,362,,,,,,,
TA327,Sports Science and Health ,341 ,381,,,,,,,
TA328,Computing with Language (French/German/Spanish) ,218 ,317,,,,,,,
TA329,Computing with Data Analytics ,218 ,296,,,,,,,
NC025,Data Science ,297 ,371,,,,,,,
GA385,Retail Management ,219 ,319,,,,,,,
LY218,Business - with Spanish/Irish options ,298 ,367,,,,,,,
CI101,Counselling and Psychotherapy (Limerick) ,276 ,328,,,,,,,
LC411,Marketing and Management (Thurles) ,226 ,300,,,,,,,
SG149,Business in Finance and Investment ,262 ,357,,,,,,,
SG441,Environmental Science ,297 ,358,,,,,,,
SG446,Applied Archaeology ,289 ,290,,,,,,,
TL803,Music Technology ,264 ,288,,,,,,,
TL812,Computing with Digital Media ,369 ,369,,,,,,,
WD148,Tourism Marketing ,269 ,338,,,,,,,
